Entreprise,Tuteur
Morbi Associates,Clayton Ayala
Nunc Risus PC,Burke Trujillo
Aliquet Libero Integer Corp.,Scott Patterson
Vel PC,Moses Goodwin
Ante Maecenas LLP,Erasmus Klein
A Tortor Limited,Jesse Fernandez
Erat Sed Nunc Company,Jerome Mann
Eros LLP,Quentin Rivers
Pede Sagittis Inc.,Amery Forbes
Eget Mollis Lectus Incorporated,Rahim Hodges
Tincidunt LLP,Clarke Pittman
Eu Odio Corporation,Conan Burns
Id Ante Limited,Ferris Pennington
Eu Erat Corporation,Reed Colon
Rhoncus Limited,Hall Obrien
Aliquam Erat Volutpat Industries,Melvin Oneill
Augue Sed Inc.,Cedric Suarez
Commodo Ipsum Suspendisse Foundation,Kibo Morin
Lobortis Nisi Nibh LLC,Octavius Lucas
Dictum Eleifend Nunc Industries,Dane Bates
Ultrices Sit Amet LLP,Callum Carr
Vulputate Mauris Associates,Len Gill
Integer Tincidunt Company,Raymond Nielsen
Quisque Tincidunt PC,Benjamin Gordon
Et Nunc Institute,Cody Shields
Nullam Industries,Demetrius Gibbs
Aenean Corporation,Warren Rojas
Lorem Eget Foundation,Alfonso Wiggins
A Aliquet Incorporated,Arden Guy
Mauris Erat Eget LLP,Nigel Mack
Elit Pharetra Corp.,Jared Carter
Sociosqu Ad Litora Company,Reese Rocha
Taciti Sociosqu Foundation,Dale Snyder
Mauris Foundation,Nicholas Oconnor
Facilisis Company,Axel Madden
Et Ipsum Cursus Associates,Joel Vincent
Mi Felis Adipiscing Industries,Vernon Jennings
A Enim Limited,Brenden Sexton
Eleifend Ltd,Lance Goodman
Ullamcorper Viverra Institute,Igor Knowles
Dis Parturient Montes Incorporated,Hashim Delaney
Convallis Est Vitae PC,Baker Porter
Mattis Semper Dui Industries,Uriel Bond
Euismod Est Arcu LLC,Hu Burns
Bibendum Ullamcorper Duis Corporation,Kennedy Shaffer
Eget Magna Consulting,Amery Graves
Viverra Donec Tempus PC,Jeremy Lowe
Volutpat Nulla Limited,Michael Poole
Adipiscing Corporation,Trevor Gregory
Elit Pellentesque A Foundation,Porter Reid
Auctor Limited,Nicholas Cunningham
Nulla Tincidunt Inc.,Lee Rhodes
A Malesuada Id Corp.,Noble Mack
Ornare LLC,Joel Booker
Eu Dui PC,Channing Bowen
Ipsum Non Arcu Associates,Mark Wright
Cum Sociis Natoque LLC,Gray Shaw
Sed Industries,Jonas Sawyer
A Inc.,Dalton Mckay
Vestibulum LLP,Reese Chang
Urna Company,Colt Valdez
Amet Consectetuer Adipiscing Inc.,Keaton Garner
Malesuada Malesuada LLP,Kyle Mccarty
Eu Eleifend Institute,Nicholas Delaney
Blandit Viverra Consulting,Magee Craig
Tortor Dictum Eu Incorporated,Amal Pittman
Netus Consulting,Connor Washington
Metus LLC,Zephania Tanner
Orci Incorporated,Jason Mills
Risus Foundation,Timon Lara
Dictum Phasellus Institute,Stone Fernandez
Velit Eu Sem Consulting,Hakeem Gilmore
Interdum Sed Auctor Limited,Orson Atkins
Malesuada Ut Inc.,Alexander Ashley
Eget Massa Industries,Gary Johns
Felis Orci Consulting,Ezra Reese
Integer Sem Corporation,Quinn Ross
Eget Tincidunt Dui LLP,Dieter Casey
Tempus Eu Inc.,Colt Harper
Cursus Consulting,Odysseus Harper
Quam Quis Inc.,Brian Hamilton
Lacinia Orci Consectetuer Industries,Gabriel Payne
Eget Laoreet Posuere Limited,Martin Coffey
Ipsum Ac Institute,Elliott Flores
Rutrum Fusce Associates,Timothy Casey
Magna Et Inc.,Callum Warner
Erat Vitae LLP,Xander Bernard
Turpis Limited,Gareth Eaton
Nunc LLP,John Olson
Suspendisse Eleifend LLP,Colorado Jackson
Aliquam Auctor Velit Consulting,Rogan Nielsen
Tempus Non Lacinia Institute,Byron Carver
Id Risus Quis LLP,Wesley Bradford
Mauris Elit Dictum Corporation,Boris Hubbard
Turpis Egestas Fusce Limited,Lars Gutierrez
Id Foundation,Yuli Raymond
Lectus Justo Foundation,Andrew Vang
Luctus Sit Amet Foundation,Berk Holt
Amet Ornare Lectus Corporation,Ivor Hale
Ornare Sagittis Felis Limited,Hamish Miller