Nom,Prenom
Solis,Abraham
Suarez,Valentine
Stephens,Zeph
Carlson,Benedict
Higgins,Cedric
Rowe,Oliver
Fry,David
Randolph,Jacob
Calderon,Dean
Dixon,Amos
Baker,Cade
Branch,Chadwick
Lopez,Murphy
Clemons,Oleg
Cross,Lance
Kim,Chancellor
Harrison,Zephania
Pitts,Brent
Good,Octavius
Miles,Mannix
Mccall,Kennedy
Moon,Shad
Mosley,Akeem
Williams,Talon
Aguilar,Burke
Gay,Emery
Allen,Gage
Perez,Luke
Patel,Kato
Stanley,Damian
Anderson,Emmanuel
Vaughan,Macon
Haynes,Damon
Slater,Joseph
Knowles,Drew
Williams,Lucian
Love,Christopher
Sexton,Valentine
Suarez,Lee
Noel,Vernon
Harrington,Keith
Alvarado,Jordan
Greer,Talon
Blackburn,Alan
Graves,Gary
Long,Amery
Bradshaw,Hector
Little,Lucian
Reilly,Salvador
Hernandez,Nigel
Downs,Ira
Terrell,Kasper
Holman,Elvis
Torres,Xenos
Hays,Brent
Foreman,Paki
Butler,Basil
Nunez,Zachery
Wilder,Orson
Oneill,Dominic
Weeks,Samuel
Cherry,Asher
Goodman,Prescott
Thompson,Beau
Simpson,Price
Perry,Louis
Shepard,Talon
Burnett,Damian
Adams,Stone
Stephens,Christopher
Leon,Drake
Harmon,Rashad
Cameron,Andrew
Durham,Malik
Cantu,Cody
Galloway,Kenyon
Boyd,Wesley
Puckett,Emerson
Shelton,Warren
Hendricks,Ulysses
Sandoval,John
Becker,Jerome
Whitfield,Paki
Gray,Hasad
Santos,Eric
Valenzuela,Michael
Macias,Travis
Guy,Phelan
Wells,Hector
Greene,Marsden
Marks,Gage
Mejia,Russell
Herring,Flynn
Armstrong,Amir
Bates,Colton
Stephens,Sebastian
Lambert,Harrison
Barrett,Reese
Calhoun,Levi
Taylor,Garth